{"data": {"05000S0T": {"appId": "0500", "clId": 0, "data": 347486, "exec_time": 0, "input": 0, "mem_used": 1052360226.1333333, "output": 310476.80000000005, "pe_no": 2, "rcv_clId": "3", "typ": "data_sending"}, "05003S0T": {"appId": "0500", "clId": "3", "data": 23817801, "exec_time": 0, "input": 0, "mem_used": 970550545.0666667, "output": 288358.40000000014, "rcv_clId": 0, "typ": "data_sending"}, "05100S0T": {"appId": "0510", "clId": 0, "data": 167439, "exec_time": 0, "input": 0, "mem_used": 1051810235.7333333, "output": 312115.20000000007, "pe_no": 2, "rcv_clId": "3", "typ": "data_sending"}, "05103S0T": {"appId": "0510", "clId": "3", "data": 14541346, "exec_time": 0, "input": 0, "mem_used": 970967347.2, "output": 255590.4000000001, "rcv_clId": 0, "typ": "data_sending"}, "05200S0T": {"appId": "0520", "clId": 0, "data": 235302, "exec_time": 0, "input": 0, "mem_used": 1051737907.2, "output": 303104.00000000006, "pe_no": 2, "rcv_clId": "3", "typ": "data_sending"}, "05203S0T": {"appId": "0520", "clId": "3", "data": 18858955, "exec_time": 0, "input": 0, "mem_used": 970775961.6, "output": 252313.60000000006, "rcv_clId": 0, "typ": "data_sending"}, "05300S0T": {"appId": "0530", "clId": 0, "data": 186810, "exec_time": 0, "input": 0, "mem_used": 1051290453.3333334, "output": 301465.60000000003, "pe_no": 2, "rcv_clId": "3", "typ": "data_sending"}, "05303S0T": {"appId": "0530", "clId": "3", "data": 16116564, "exec_time": 0, "input": 0, "mem_used": 970177194.6666666, "output": 276889.6, "rcv_clId": 0, "typ": "data_sending"}, "05400S0T": {"appId": "0540", "clId": 0, "data": 36441, "exec_time": 0, "input": 0, "mem_used": 1049222212.2666667, "output": 310476.80000000005, "pe_no": 2, "rcv_clId": "3", "typ": "data_sending"}, "05403S0T": {"appId": "0540", "clId": "3", "data": 8353359, "exec_time": 0, "input": 0, "mem_used": 970637277.8666667, "output": 283443.19999999995, "rcv_clId": 0, "typ": "data_sending"}, "15000S0T": {"appId": "1500", "clId": 0, "data": 347486, "exec_time": 0, "input": 0, "mem_used": 1052360226.1333333, "output": 310476.80000000005, "pe_no": 2, "rcv_clId": "3", "typ": "data_sending"}, "15003S0T": {"appId": "1500", "clId": "3", "data": 23817801, "exec_time": 0, "input": 0, "mem_used": 970550545.0666667, "output": 288358.40000000014, "rcv_clId": 0, "typ": "data_sending"}, "15100S0T": {"appId": "1510", "clId": 0, "data": 167439, "exec_time": 0, "input": 0, "mem_used": 1051810235.7333333, "output": 312115.20000000007, "pe_no": 2, "rcv_clId": "3", "typ": "data_sending"}, "15103S0T": {"appId": "1510", "clId": "3", "data": 14541346, "exec_time": 0, "input": 0, "mem_used": 970967347.2, "output": 255590.4000000001, "rcv_clId": 0, "typ": "data_sending"}, "15200S0T": {"appId": "1520", "clId": 0, "data": 235302, "exec_time": 0, "input": 0, "mem_used": 1051737907.2, "output": 303104.00000000006, "pe_no": 2, "rcv_clId": "3", "typ": "data_sending"}, "15203S0T": {"appId": "1520", "clId": "3", "data": 18858955, "exec_time": 0, "input": 0, "mem_used": 970775961.6, "output": 252313.60000000006, "rcv_clId": 0, "typ": "data_sending"}, "15300S0T": {"appId": "1530", "clId": 0, "data": 186810, "exec_time": 0, "input": 0, "mem_used": 1051290453.3333334, "output": 301465.60000000003, "pe_no": 2, "rcv_clId": "3", "typ": "data_sending"}, "15303S0T": {"appId": "1530", "clId": "3", "data": 16116564, "exec_time": 0, "input": 0, "mem_used": 970177194.6666666, "output": 276889.6, "rcv_clId": 0, "typ": "data_sending"}, "15400S0T": {"appId": "1540", "clId": 0, "data": 36441, "exec_time": 0, "input": 0, "mem_used": 1049222212.2666667, "output": 310476.80000000005, "pe_no": 2, "rcv_clId": "3", "typ": "data_sending"}, "15403S0T": {"appId": "1540", "clId": "3", "data": 8353359, "exec_time": 0, "input": 0, "mem_used": 970637277.8666667, "output": 283443.19999999995, "rcv_clId": 0, "typ": "data_sending"}}}